서울시,강남구,개포동,37.482968,127.0634
서울시,강남구,논현동,37.513583,127.031375
서울시,강남구,대치동,37.49911,127.065463
서울시,강남구,도곡동,37.488143,127.04505
서울시,강남구,삼성동,37.514792,127.055387
서울시,강남구,세곡동,37.46436,127.1046
서울시,강남구,수서동,37.488856,127.104886
서울시,강남구,신사동,37.524142,127.0229
서울시,강남구,압구정동,37.5291,127.0236
서울시,강남구,역삼동,37.499776,127.03895
서울시,강남구,율현동,37.4717,127.1114
서울시,강남구,일원동,37.487485,127.081638
서울시,강남구,자곡동,37.4766,127.101
서울시,강남구,청담동,37.525492,127.05235
서울시,강동구,강일동,37.569397,127.177814
서울시,강동구,고덕동,37.5653,127.1561
서울시,강동구,길동,37.5379,127.14595
서울시,강동구,둔촌동,37.5263,127.143
서울시,강동구,명일동,37.548692,127.1497
서울시,강동구,상일동,37.551582,127.165516
서울시,강동구,성내동,37.530483,127.1289
서울시,강동구,암사동,37.557925,127.130838
서울시,강동구,천호동,37.543217,127.12665
서울시,강북구,미아동,37.6222,127.0208
서울시,강북구,번동,37.629215,127.037013
서울시,강북구,수유동,37.6371,127.0046
서울시,강북구,우이동,37.6633,127.002
서울시,강서구,가양동,37.5681,126.8454
서울시,강서구,개화동,37.5874,126.8068
서울시,강서구,공항동,37.558767,126.810363
서울시,강서구,과해동,37.5662,126.7872
서울시,강서구,내발산동,37.5535,126.8354
서울시,강서구,등촌동,37.5518,126.8612
서울시,강서구,마곡동,37.5738,126.8304
서울시,강서구,방화동,37.577333,126.813325
서울시,강서구,염창동,37.55376,126.87097
서울시,강서구,오곡동,37.5534,126.784
서울시,강서구,오쇠동,37.5435,126.7984
서울시,강서구,외발산동,37.5494,126.8207
서울시,강서구,화곡동,37.5421,126.844525
서울시,관악구,남현동,37.474539,126.977837
서울시,관악구,봉천동,37.4753,126.9567
서울시,관악구,신림동,37.4632,126.9346
서울시,광진구,광장동,37.546892,127.103025
서울시,광진구,구의동,37.543983,127.088337
서울시,광진구,군자동,37.555122,127.075837
서울시,광진구,능동,37.55378,127.080499
서울시,광진구,자양동,37.533214,127.076006
서울시,광진구,중곡동,37.5631,127.0876
서울시,광진구,화양동,37.5465,127.0713
서울시,구로구,가리봉동,37.483351,126.887738
서울시,구로구,개봉동,37.494393,126.856813
서울시,구로구,고척동,37.5024,126.8598
서울시,구로구,구로동,37.4937,126.8823
서울시,구로구,궁동,37.5009,126.8277
서울시,구로구,신도림동,37.507766,126.880583
서울시,구로구,오류동,37.492143,126.838375
서울시,구로구,온수동,37.4938,126.8207
서울시,구로구,천왕동,37.4802,126.8391
서울시,구로구,항동,37.481,126.8258
서울시,금천구,가산동,37.476904,126.891732
서울시,금천구,독산동,37.466185,126.9002
서울시,금천구,시흥동,37.4496,126.9115
서울시,노원구,공릉동,37.6306,127.0877
서울시,노원구,상계동,37.6669,127.0724
서울시,노원구,월계동,37.629374,127.054275
서울시,노원구,중계동,37.650874,127.0811
서울시,노원구,하계동,37.638249,127.073575
서울시,도봉구,도봉동,37.6853,127.0301
서울시,도봉구,방학동,37.664774,127.0337
서울시,도봉구,쌍문동,37.6526,127.0249
서울시,도봉구,창동,37.64639,127.044913
서울시,동대문구,답십리동,37.57,127.0564
서울시,동대문구,신설동,37.573942,127.024625
서울시,동대문구,용두동,37.5758,127.0362
서울시,동대문구,이문동,37.5996,127.0624
서울시,동대문구,장안동,37.5711,127.0714
서울시,동대문구,전농동,37.5803,127.0567
서울시,동대문구,제기동,37.5847,127.0371
서울시,동대문구,청량리동,37.5882,127.0464
서울시,동대문구,회기동,37.590808,127.055313
서울시,동대문구,휘경동,37.588574,127.0627
서울시,동작구,노량진동,37.5115,126.9416
서울시,동작구,대방동,37.508133,126.92635
서울시,동작구,동작동,37.494973,126.976016
서울시,동작구,본동,37.513058,126.956088
서울시,동작구,사당동,37.4853,126.9719
서울시,동작구,상도1동,37.506842,126.951
서울시,동작구,상도동,37.4991,126.9437
서울시,동작구,신대방동,37.4921,126.9172
서울시,동작구,흑석동,37.5052,126.9629
서울시,마포구,공덕동,37.547533,126.952988
서울시,마포구,구수동,37.545985,126.932288
서울시,마포구,노고산동,37.5541,126.938
서울시,마포구,당인동,37.543,126.9193
서울시,마포구,대흥동,37.554441,126.944187
서울시,마포구,도화동,37.5376,126.950213
서울시,마포구,동교동,37.558627,126.92379
서울시,마포구,마포동,37.537192,126.943975
서울시,마포구,망원동,37.5561,126.9016
서울시,마포구,상수동,37.5469,126.9241
서울시,마포구,상암동,37.577606,126.889111
서울시,마포구,서교동,37.552458,126.920925
서울시,마포구,성산동,37.566067,126.9055
서울시,마포구,신공덕동,37.542233,126.955463
서울시,마포구,신수동,37.546862,126.934526
서울시,마포구,신정동,37.543392,126.930513
서울시,마포구,아현동,37.5546,126.9561
서울시,마포구,연남동,37.564501,126.922027
서울시,마포구,염리동,37.547083,126.94565
서울시,마포구,용강동,37.541833,126.941625
서울시,마포구,중동,37.571725,126.9055
서울시,마포구,창전동,37.5501,126.93
서울시,마포구,토정동,37.5385,126.939688
서울시,마포구,하중동,37.543828,126.927922
서울시,마포구,합정동,37.549433,126.905725
서울시,마포구,현석동,37.5419,126.9345
서울시,서대문구,남가좌동,37.576192,126.921263
서울시,서대문구,냉천동,37.5672,126.9628
서울시,서대문구,대현동,37.559527,126.9435
서울시,서대문구,대현동,37.561,126.947
서울시,서대문구,미근동,37.5634,126.9673
서울시,서대문구,봉원동,37.5727,126.9471
서울시,서대문구,북가좌동,37.579542,126.910788
서울시,서대문구,북아현동,37.563825,126.954525
서울시,서대문구,신촌동,37.5651,126.9391
서울시,서대문구,연희동,37.572425,126.93255
서울시,서대문구,영천동,37.570583,126.957866
서울시,서대문구,천연동,37.569179,126.95908
서울시,서대문구,창천동,37.557802,126.939513
서울시,서대문구,천연동,37.567365,126.95868
서울시,서대문구,충정로2가,37.564842,126.9638
서울시,서대문구,충정로3가,37.5623,126.9621
서울시,서대문구,합동,37.5614,126.9659
서울시,서대문구,현저동,37.574,126.954
서울시,서대문구,홍은동,37.5931,126.9375
서울시,서대문구,홍제동,37.5872,126.9468
서울시,서초구,내곡동,37.454929,127.06378
서울시,서초구,반포동,37.5047,127.0019
서울시,서초구,방배동,37.484265,126.98864
서울시,서초구,서초동,37.488518,127.016437
서울시,서초구,신원동,37.4448,127.0641
서울시,서초구,양재동,37.470101,127.039888
서울시,서초구,염곡동,37.4632,127.0539
서울시,서초구,우면동,37.471582,127.026744
서울시,서초구,원지동,37.4452,127.0476
서울시,서초구,잠원동,37.514951,127.014219
서울시,성동구,금호동1가,37.553,127.0263
서울시,성동구,금호동2가,37.553808,127.01885
서울시,성동구,금호동3가,37.5498,127.0193
서울시,성동구,금호동4가,37.545181,127.022949
서울시,성동구,도선동,37.563016,127.034374
서울시,성동구,마장동,37.566325,127.045388
서울시,성동구,사근동,37.561217,127.045875
서울시,성동구,상왕십리동,37.568275,127.0247
서울시,성동구,성수동1가,37.543225,127.041425
서울시,성동구,성수동2가,37.539817,127.056888
서울시,성동구,송정동,37.554522,127.0696
서울시,성동구,옥수동,37.5419,127.016
서울시,성동구,용답동,37.564062,127.055552
서울시,성동구,응봉동,37.553283,127.033563
서울시,성동구,하왕십리동,37.564158,127.028675
서울시,성동구,행당동,37.559,127.0348
서울시,성동구,홍익동,37.56695,127.031975
서울시,성북구,길음동,37.608332,127.0228
서울시,성북구,돈암동,37.5974,127.0207
서울시,성북구,동선동1가,37.592307,127.0184
서울시,성북구,동선동2가,37.590249,127.019538
서울시,성북구,동선동3가,37.593899,127.020538
서울시,성북구,동선동4가,37.595109,127.018781
서울시,성북구,동선동5가,37.5962,127.0166
서울시,성북구,동소문동1가,37.590199,127.007163
서울시,성북구,동소문동2가,37.588794,127.00808
서울시,성북구,동소문동3가,37.590371,127.011567
서울시,성북구,동소문동4가,37.591846,127.010553
서울시,성북구,동소문동5가,37.59149,127.015017
서울시,성북구,동소문동6가,37.59359,127.014213
서울시,성북구,동소문동7가,37.5964,127.0142
서울시,성북구,보문동1가,37.586477,127.019558
서울시,성북구,보문동2가,37.585828,127.018186
서울시,성북구,보문동3가,37.583874,127.015813
서울시,성북구,보문동4가,37.582882,127.021332
서울시,성북구,보문동5가,37.582588,127.020107
서울시,성북구,보문동6가,37.580475,127.018825
서울시,성북구,보문동7가,37.579733,127.022225
서울시,성북구,삼선동1가,37.5845,127.0082
서울시,성북구,삼선동2가,37.584,127.0114
서울시,성북구,삼선동3가,37.586557,127.013
서울시,성북구,삼선동4가,37.589797,127.013302
서울시,성북구,삼선동5가,37.5885,127.0158
서울시,성북구,상월곡동,37.605757,127.048125
서울시,성북구,석관동,37.608,127.0611
서울시,성북구,성북동,37.5969,126.9922
서울시,성북구,성북동1가,37.5894,127.0038
서울시,성북구,안암동1가,37.588695,127.022239
서울시,성북구,안암동2가,37.586732,127.023
서울시,성북구,안암동3가,37.583882,127.0231
서울시,성북구,안암동4가,37.580392,127.024663
서울시,성북구,안암동5가,37.588815,127.03005
서울시,성북구,장위동,37.6157,127.0501
서울시,성북구,정릉동,37.6169,126.9974
서울시,성북구,종암동,37.5966,127.0333
서울시,성북구,하월곡동,37.604407,127.0387
서울시,송파구,가락동,37.495301,127.1186
서울시,송파구,거여동,37.489351,127.147175
서울시,송파구,마천동,37.49746,127.153625
서울시,송파구,문정동,37.4854,127.1221
서울시,송파구,방이동,37.51506,127.122999
서울시,송파구,삼전동,37.502717,127.092513
서울시,송파구,석촌동,37.503592,127.1037
서울시,송파구,송파동,37.504983,127.11465
서울시,송파구,신천동,37.517425,127.101844
서울시,송파구,오금동,37.504774,127.134595
서울시,송파구,잠실동,37.5111,127.0851
서울시,송파구,장지동,37.478842,127.135859
서울시,송파구,풍납동,37.533267,127.11485
서울시,양천구,목동,37.5366,126.8759
서울시,양천구,신월동,37.527925,126.8342
서울시,양천구,신정동,37.516433,126.8632
서울시,영등포구,당산동,37.5347,126.9065
서울시,영등포구,당산동1가,37.5216,126.8985
서울시,영등포구,당산동2가,37.5225,126.8936
서울시,영등포구,당산동3가,37.5261,126.8971
서울시,영등포구,당산동4가,37.529,126.8991
서울시,영등포구,당산동5가,37.5323,126.9009
서울시,영등포구,당산동6가,37.535,126.9024
서울시,영등포구,대림동,37.4967,126.9011
서울시,영등포구,도림동,37.5084,126.8994
서울시,영등포구,영등포동,37.511847,126.897857
서울시,영등포구,문래동2가,37.5126,126.8929
서울시,영등포구,문래동3가,37.517008,126.895338
서울시,영등포구,문래동4가,37.51455,126.889875
서울시,영등포구,문래동5가,37.5161,126.8849
서울시,영등포구,문래동6가,37.5201,126.8845
서울시,영등포구,신길동,37.505933,126.911537
서울시,양천구,목동,37.532585,126.885165
서울시,영등포구,양평동1가,37.5232,126.8886
서울시,영등포구,양평동2가,37.523067,126.883563
서울시,영등포구,양평동3가,37.5296,126.8918
서울시,영등포구,양평동4가,37.53635,126.89605
서울시,영등포구,양평동5가,37.539,126.8925
서울시,영등포구,양평동6가,37.541883,126.889838
서울시,영등포구,양화동,37.5488,126.8883
서울시,영등포구,여의도동,37.52139,126.931083
서울시,영등포구,영등포동,37.5134,126.9061
서울시,영등포구,영등포동1가,37.517703,126.912625
서울시,영등포구,영등포동2가,37.5208,126.9117
서울시,영등포구,영등포동3가,37.518,126.9082
서울시,영등포구,영등포동4가,37.518,126.903625
서울시,영등포구,영등포동5가,37.5211,126.9066
서울시,영등포구,영등포동6가,37.5216,126.9032
서울시,영등포구,영등포동7가,37.5242,126.907
서울시,영등포구,영등포동8가,37.5289,126.9053
서울시,용산구,갈월동,37.5425,126.9719
서울시,용산구,남영동,37.545742,126.974775
서울시,용산구,도원동,37.5388,126.9561
서울시,용산구,동빙고동,37.5237,126.9957
서울시,용산구,동자동,37.5517,126.9727
서울시,용산구,문배동,37.537,126.969088
서울시,용산구,보광동,37.526342,127.000175
서울시,용산구,산천동,37.5353,126.9513
서울시,용산구,서계동,37.5525,126.9664
서울시,용산구,서빙고동,37.520458,126.994663
서울시,용산구,신계동,37.5358,126.9667
서울시,용산구,신창동,37.5358,126.9547
서울시,용산구,용문동,37.537511,126.960325
서울시,용산구,용산동1가,37.5401,126.977
서울시,용산구,용산동2가,37.54295,126.98405
서울시,용산구,용산동3가,37.532,126.9768
서울시,용산구,용산동4가,37.5306,126.9854
서울시,용산구,용산동5가,37.5257,126.9747
서울시,용산구,용산동6가,37.5169,126.984
서울시,용산구,원효로1가,37.5398,126.9673
서울시,용산구,원효로2가,37.536733,126.963263
서울시,용산구,원효로3가,37.5344,126.9581
서울시,용산구,원효로4가,37.5328,126.9504
서울시,용산구,이촌동,37.5187,126.9662
서울시,용산구,이태원동,37.5389,126.9913
서울시,용산구,보광동,37.5229,127.000225
서울시,용산구,청암동,37.534227,126.946829
서울시,용산구,청파동1가,37.5488,126.9674
서울시,용산구,청파동2가,37.5462,126.9667
서울시,용산구,청파동3가,37.5432,126.9668
서울시,용산구,한강로1가,37.5362,126.973488
서울시,용산구,한강로2가,37.5313,126.9693
서울시,용산구,한강로3가,37.5278,126.9602
서울시,용산구,한남동,37.5375,127.0061
서울시,용산구,효창동,37.541683,126.961325
서울시,용산구,후암동,37.548638,126.978134
서울시,은평구,갈현동,37.620974,126.912925
서울시,은평구,구산동,37.611746,126.910389
서울시,은평구,녹번동,37.60273,126.93475
서울시,은평구,대조동,37.614165,126.920813
서울시,은평구,불광동,37.6192,126.9354
서울시,은평구,수색동,37.58414,126.897541
서울시,은평구,신사동,37.596,126.9083
서울시,은평구,역촌동,37.605,126.9148
서울시,은평구,응암동,37.5926,126.9215
서울시,은평구,증산동,37.584306,126.90704
서울시,은평구,진관동,37.638627,126.91895
서울시,종로구,가회동,37.582583,126.984525
서울시,종로구,견지동,37.573714,126.983046
서울시,종로구,경운동,37.575067,126.98595
서울시,종로구,계동,37.5804,126.987
서울시,종로구,공평동,37.5711,126.9828
서울시,종로구,관수동,37.5691,126.9906
서울시,종로구,관철동,37.569176,126.985857
서울시,종로구,관훈동,37.573917,126.98465
서울시,종로구,행촌동,37.571867,126.961998
서울시,종로구,교북동,37.571407,126.961257
서울시,종로구,구기동,37.6179,126.9574
서울시,종로구,궁정동,37.584886,126.972359
서울시,종로구,권농동,37.576087,126.991705
서울시,종로구,낙원동,37.5725,126.9885
서울시,종로구,내수동,37.5733,126.972
서울시,종로구,내자동,37.5754,126.9716
서울시,종로구,누상동,37.5804,126.9623
서울시,종로구,누하동,37.579183,126.968175
서울시,종로구,당주동,37.571558,126.973778
서울시,종로구,도렴동,37.572704,126.97463
서울시,종로구,돈의동,37.572011,126.990594
서울시,종로구,동숭동,37.5813,127.005
서울시,종로구,명륜1가,37.5891,126.9975
서울시,종로구,명륜2가,37.5846,126.9988
서울시,종로구,명륜3가,37.5875,126.9931
서울시,종로구,명륜4가,37.582142,126.9998
서울시,종로구,묘동,37.572531,126.991792
서울시,종로구,무악동,37.576008,126.958098
서울시,종로구,봉익동,37.572353,126.992965
서울시,종로구,부암동,37.59244,126.964047
서울시,종로구,사간동,37.577215,126.980529
서울시,종로구,사직동,37.575363,126.965777
서울시,종로구,삼청동,37.59,126.9817
서울시,종로구,서린동,37.569482,126.98026
서울시,종로구,세종로,37.5795,126.9768
서울시,종로구,소격동,37.5795,126.980775
서울시,종로구,송월동,37.570159,126.965259
서울시,종로구,송현동,37.5768,126.9817
서울시,종로구,수송동,37.5737,126.9806
서울시,종로구,숭인동,37.5762,127.0193
서울시,종로구,신교동,37.5845,126.9678
서울시,종로구,신문로1가,37.570353,126.974025
서울시,종로구,신문로2가,37.570792,126.968813
서울시,종로구,신영동,37.60294,126.9621
서울시,종로구,안국동,37.5773,126.9829
서울시,종로구,연건동,37.5786,126.9995
서울시,종로구,연지동,37.5737,127.0002
서울시,종로구,예지동,37.569487,126.998409
서울시,종로구,옥인동,37.5836,126.9625
서울시,종로구,와룡동,37.582,126.993
서울시,종로구,운니동,37.5764,126.9883
서울시,종로구,원남동,37.5755,126.9975
서울시,종로구,원서동,37.584162,126.988034
서울시,종로구,이화동,37.577008,127.004338
서울시,종로구,익선동,37.574567,126.9894
서울시,종로구,인사동,37.5717,126.986
서울시,종로구,인의동,37.5725,126.9979
서울시,종로구,장사동,37.569216,126.994201
서울시,종로구,재동,37.5781,126.985125
서울시,종로구,적선동,37.575264,126.973889
서울시,종로구,청진동,37.570674,126.980286
서울시,종로구,인사동,37.570741,126.986256
서울시,종로구,종로3가,37.570361,126.99234
서울시,종로구,종로4가,37.57067,126.997927
서울시,종로구,종로5가,37.570633,127.0036
서울시,종로구,종로6가,37.5719,127.0076
서울시,종로구,중학동,37.575174,126.979904
서울시,종로구,창성동,37.5806,126.9721
서울시,종로구,창신동,37.5758,127.012063
서울시,종로구,청운동,37.589008,126.968465
서울시,종로구,청진동,37.571515,126.980246
서울시,종로구,체부동,37.578,126.9707
서울시,종로구,충신동,37.574842,127.006125
서울시,종로구,통의동,37.5784,126.972638
서울시,종로구,통인동,37.579797,126.970016
서울시,종로구,팔판동,37.582817,126.9804
서울시,종로구,평동,37.567967,126.9668
서울시,종로구,평창동,37.605364,126.966884
서울시,종로구,사직동,37.576859,126.967655
서울시,종로구,행촌동,37.573608,126.9621
서울시,종로구,명륜4가,37.583383,127.001369
서울시,종로구,홍지동,37.6006,126.9564
서울시,종로구,홍파동,37.571138,126.964104
서울시,종로구,화동,37.5806,126.9828
서울시,종로구,효자동,37.582683,126.971848
서울시,종로구,효제동,37.573267,127.003013
서울시,종로구,훈정동,37.5742,126.9943
서울시,중구,광희동1가,37.565,127.0051
서울시,중구,광희동2가,37.5641,127.0084
서울시,중구,남대문로1가,37.567574,126.983064
서울시,중구,남대문로2가,37.563843,126.98199
서울시,중구,남대문로3가,37.561648,126.979389
서울시,중구,남대문로4가,37.560671,126.975325
서울시,중구,남대문로5가,37.5563,126.9748
서울시,중구,남산동1가,37.559159,126.984669
서울시,중구,남산동2가,37.558333,126.9858
서울시,중구,남산동3가,37.55998,126.987333
서울시,중구,남창동,37.5581,126.977437
서울시,중구,남학동,37.560504,126.99086
서울시,중구,다동,37.568133,126.980913
서울시,중구,만리동1가,37.555917,126.967263
서울시,중구,만리동2가,37.5544,126.964
서울시,중구,명동1가,37.564432,126.984421
서울시,중구,명동2가,37.562667,126.985175
서울시,중구,무교동,37.568041,126.978823
서울시,중구,무학동,37.564209,127.015173
서울시,중구,묵정동,37.561308,127.000525
서울시,중구,방산동,37.5687,127.0032
서울시,중구,봉래동1가,37.558889,126.972912
서울시,중구,봉래동2가,37.5566,126.971
서울시,중구,북창동,37.5623,126.9783
서울시,중구,산림동,37.5676,126.9957
서울시,중구,삼각동,37.567907,126.984746
서울시,중구,서소문동,37.563275,126.973425
서울시,중구,북창동,37.562294,126.977184
서울시,중구,수표동,37.567317,126.989225
서울시,중구,수하동,37.567395,126.984593
서울시,중구,순화동,37.562758,126.970438
서울시,중구,신당동,37.557025,127.01315
서울시,중구,쌍림동,37.5638,127.0041
서울시,중구,예관동,37.564062,126.997989
서울시,중구,예장동,37.5553,126.9898
서울시,중구,오장동,37.564825,127.000775
서울시,중구,을지로1가,37.565882,126.980523
서울시,중구,을지로2가,37.56585,126.985638
서울시,중구,을지로3가,37.566578,126.99235
서울시,중구,을지로4가,37.5663,126.9968
서울시,중구,을지로5가,37.56665,127.002563
서울시,중구,을지로6가,37.567717,127.006938
서울시,중구,을지로7가,37.566325,127.010437
서울시,서대문구,미근동,37.563646,126.968443
서울시,중구,의주로2가,37.560645,126.969464
서울시,중구,인현동1가,37.5646,126.9944
서울시,중구,인현동2가,37.564125,126.996238
서울시,중구,입정동,37.567708,126.992717
서울시,중구,장교동,37.567463,126.987007
서울시,중구,장충동1가,37.560758,127.007688
서울시,중구,장충동2가,37.5552,127.0011
서울시,중구,저동1가,37.56423,126.987841
서울시,중구,저동2가,37.5642,126.989713
서울시,중구,정동,37.5664,126.972925
서울시,중구,주교동,37.568255,126.998888
서울시,중구,주자동,37.560631,126.989346
서울시,중구,만리동2가,37.554803,126.964498
서울시,중구,초동,37.56465,126.992325
서울시,중구,충무로1가,37.560925,126.982288
서울시,중구,충무로2가,37.561461,126.986308
서울시,중구,충무로3가,37.562228,126.991911
서울시,중구,충무로4가,37.5622,126.9956
서울시,중구,충무로5가,37.562561,126.999541
서울시,중구,충정로1가,37.566841,126.968041
서울시,중구,태평로1가,37.567545,126.977336
서울시,중구,태평로2가,37.563215,126.976357
서울시,중구,필동1가,37.5609,126.9924
서울시,중구,필동2가,37.5586,126.9944
서울시,중구,장충동2가,37.557735,126.997326
서울시,중구,황학동,37.567367,127.02125
서울시,중구,회현동1가,37.5572,126.9813
서울시,중구,회현동2가,37.558497,126.982711
서울시,중구,회현동3가,37.560039,126.984044
서울시,중구,흥인동,37.567675,127.016463
서울시,중랑구,망우동,37.600899,127.1073
서울시,중랑구,면목동,37.5818,127.0903
서울시,중랑구,묵동,37.612607,127.078325
서울시,중랑구,상봉동,37.600282,127.090875
서울시,중랑구,신내동,37.6103,127.0934
서울시,중랑구,중화동,37.6004,127.0792
경기도,가평군,가평읍,37.825363,127.516049
경기도,가평군,북면,37.959318,127.496994
경기도,가평군,상면,37.805025,127.35705
경기도,가평군,설악면,37.675935,127.494463
경기도,가평군,조종면,37.81745,127.353112
경기도,가평군,청평면,37.740493,127.424125
경기도,고양시 덕양구,강매동,37.6019,126.8431
경기도,고양시 덕양구,고양동,37.70336,126.903663
경기도,고양시 덕양구,관산동,37.688345,126.862454
경기도,고양시 덕양구,내곡동,37.6378,126.8031
경기도,고양시 덕양구,내유동,37.7219,126.8558
경기도,고양시 덕양구,대자동,37.6977,126.8858
경기도,고양시 덕양구,대장동,37.6349,126.8174
경기도,고양시 덕양구,덕은동,37.587,126.8709
경기도,고양시 덕양구,도내동,37.6253,126.8621
경기도,고양시 덕양구,동산동,37.6417,126.8959
경기도,고양시 덕양구,벽제동,37.7217,126.9071
경기도,고양시 덕양구,북한동,37.6457,126.972
경기도,고양시 덕양구,삼송동,37.6507,126.8901
경기도,고양시 덕양구,선유동,37.6937,126.9117
경기도,고양시 덕양구,성사동,37.6486,126.8514
경기도,고양시 덕양구,신원동,37.672,126.8775
경기도,고양시 덕양구,신평동,37.6205,126.7859
경기도,고양시 덕양구,오금동,37.6674,126.9138
경기도,고양시 덕양구,용두동,37.6261,126.8913
경기도,고양시 덕양구,원당동,37.6709,126.86
경기도,고양시 덕양구,원흥동,37.6468,126.869
경기도,고양시 덕양구,주교동,37.659423,126.829608
경기도,고양시 덕양구,지축동,37.6689,126.9457
경기도,고양시 덕양구,토당동,37.6236,126.816
경기도,고양시 덕양구,행신동,37.621,126.8409
경기도,고양시 덕양구,행주내동,37.604,126.8291
경기도,고양시 덕양구,행주외동,37.6046,126.8153
경기도,고양시 덕양구,향동동,37.6005,126.8925
경기도,고양시 덕양구,현천동,37.5911,126.8489
경기도,고양시 덕양구,화전동,37.600071,126.872631
경기도,고양시 덕양구,화정동,37.6371,126.835
경기도,고양시 덕양구,지축동,37.6518,126.9206
경기도,고양시 일산동구,마두동,37.659,126.7836
경기도,고양시 일산동구,문봉동,37.7007,126.8263
경기도,고양시 일산동구,백석동,37.6404,126.788
경기도,고양시 일산동구,사리현동,37.7,126.8426
경기도,고양시 일산동구,산황동,37.6511,126.8076
경기도,고양시 일산동구,설문동,37.7221,126.8058
경기도,고양시 일산동구,성석동,37.7019,126.7964
경기도,고양시 일산동구,식사동,37.67406,126.809963
경기도,고양시 일산동구,장항동,37.6506,126.7575
경기도,고양시 일산동구,정발산동,37.672479,126.779888
경기도,고양시 일산동구,중산동,37.694043,126.781312
경기도,고양시 일산동구,지영동,37.7167,126.8305
경기도,고양시 일산동구,풍동,37.6694,126.7955
경기도,고양시 일산서구,가좌동,37.6919,126.7203
경기도,고양시 일산서구,구산동,37.6822,126.6897
경기도,고양시 일산서구,대화동,37.68296,126.755163
경기도,고양시 일산서구,덕이동,37.697152,126.745306
경기도,고양시 일산서구,법곳동,37.664949,126.7119
경기도,고양시 일산서구,일산동,37.685037,126.769951
경기도,고양시 일산서구,주엽동,37.6716,126.7626
경기도,고양시 일산서구,탄현동,37.694334,126.768363
경기도,과천시,원문동,37.419522,126.989162
경기도,과천시,과천동,37.448368,126.995398
경기도,과천시,관문동,37.4426,126.9882
경기도,과천시,막계동,37.4268,127.0262
경기도,과천시,문원동,37.430218,127.002425
경기도,과천시,별양동,37.424247,126.993799
경기도,과천시,부림동,37.433462,126.998573
경기도,과천시,원문동,37.421885,126.9913
경기도,과천시,주암동,37.4519,127.025
경기도,과천시,중앙동,37.432594,126.992711
경기도,광명시,가학동,37.4165,126.8577
경기도,광명시,광명동,37.4733,126.8532
경기도,광명시,노온사동,37.4411,126.852
경기도,광명시,소하동,37.4402,126.8828
경기도,광명시,옥길동,37.466356,126.835701
경기도,광명시,일직동,37.4206,126.8816
경기도,광명시,철산동,37.4815,126.8677
경기도,광명시,하안동,37.4576,126.8718
경기도,광주시,경안동,37.410919,127.257311
경기도,광주시,고산동,37.3742,127.2234
경기도,광주시,곤지암읍,37.348757,127.3441
경기도,광주시,남종면,37.494176,127.301742
경기도,광주시,남한산성면,37.463287,127.244599
경기도,광주시,능평동,37.351527,127.155835
경기도,광주시,도척면,37.304549,127.331182
경기도,광주시,매산동,37.356157,127.262164
경기도,광주시,목동,37.3817,127.1989
경기도,광주시,목현동,37.4327,127.2156
경기도,광주시,문형동,37.3494,127.2065
경기도,광주시,삼동,37.4151,127.1979
경기도,광주시,탄벌동,37.41946,127.246337
경기도,광주시,신현동,37.363136,127.170177
경기도,광주시,쌍령동,37.402682,127.272325
경기도,광주시,양벌동,37.38331,127.260577
경기도,광주시,역동,37.400024,127.251488
경기도,광주시,장지동,37.3964,127.2408
경기도,광주시,중대동,37.406,127.2131
경기도,광주시,직동,37.4015,127.1894
경기도,광주시,초월읍,37.385581,127.288671
경기도,광주시,추자동,37.3623,127.2238
경기도,광주시,탄벌동,37.417919,127.240568
경기도,광주시,태전동,37.3893,127.2197
경기도,광주시,퇴촌면,37.466713,127.30708
경기도,광주시,회덕동,37.4407,127.2436
경기도,구리시,갈매동,37.635015,127.116225
경기도,구리시,교문동,37.5922,127.1255
경기도,구리시,사노동,37.6351,127.1391
경기도,구리시,수택동,37.59309,127.160938
경기도,구리시,아천동,37.569925,127.116463
경기도,구리시,인창동,37.604607,127.134813
경기도,구리시,토평동,37.5805,127.153
경기도,군포시,금정동,37.365468,126.939493
경기도,군포시,당동,37.35,126.9426
경기도,군포시,당정동,37.3492,126.9551
경기도,군포시,대야미동,37.3288,126.9195
경기도,군포시,도마교동,37.3128,126.9226
경기도,군포시,둔대동,37.3276,126.894
경기도,군포시,부곡동,37.328664,126.935917
경기도,군포시,산본동,37.359232,126.91915
경기도,군포시,속달동,37.3438,126.8994
경기도,김포시,감정동,37.6243,126.6937
경기도,김포시,걸포동,37.6419,126.7161
경기도,김포시,고촌읍,37.603235,126.770828
경기도,김포시,구래동,37.643508,126.628438
경기도,김포시,대곶면,37.64924,126.582063
경기도,김포시,마산동,37.638653,126.642293
경기도,김포시,북변동,37.6248,126.7129
경기도,김포시,사우동,37.619624,126.716713
경기도,김포시,양촌읍,37.657428,126.625403
경기도,김포시,운양동,37.655549,126.6887
경기도,김포시,월곶면,37.717294,126.552496
경기도,김포시,장기동,37.6468,126.6724
경기도,김포시,통진읍,37.69179,126.597205
경기도,김포시,풍무동,37.604784,126.723595
경기도,김포시,하성면,37.719901,126.63165
경기도,남양주시,금곡동,37.632247,127.205765
경기도,남양주시,다산동,37.608651,127.161307
경기도,남양주시,도농동,37.600636,127.154227
경기도,남양주시,별내동,37.65954,127.122289
경기도,남양주시,별내면,37.70256,127.124725
경기도,남양주시,삼패동,37.5956,127.1978
경기도,남양주시,수동면,37.703618,127.325988
경기도,남양주시,수석동,37.58824,127.171088
경기도,남양주시,오남읍,37.698908,127.204546
경기도,남양주시,와부읍,37.587807,127.211163
경기도,남양주시,이패동,37.609449,127.195775
경기도,남양주시,일패동,37.6205,127.1851
경기도,남양주시,조안면,37.5359,127.30345
경기도,남양주시,지금동,37.602605,127.16428
경기도,남양주시,진건읍,37.656921,127.179474
경기도,남양주시,진접읍,37.726471,127.190046
경기도,남양주시,퇴계원읍,37.649296,127.144615
경기도,남양주시,평내동,37.648365,127.236157
경기도,남양주시,호평동,37.654406,127.24883
경기도,남양주시,화도읍,37.652424,127.308688
경기도,동두천시,걸산동,37.9277,127.0959
경기도,동두천시,광암동,37.9026,127.0954
경기도,동두천시,동두천동,37.9331,127.0586
경기도,동두천시,보산동,37.917751,127.06155
경기도,동두천시,상봉암동,37.9484,127.0582
경기도,동두천시,상패동,37.905922,127.044593
경기도,동두천시,생연동,37.904,127.0622
경기도,동두천시,지행동,37.89066,127.05422
경기도,동두천시,안흥동,37.9325,127.0317
경기도,동두천시,지행동,37.8895,127.0644
경기도,동두천시,탑동동,37.8873,127.1168
경기도,동두천시,하봉암동,37.9642,127.0681
경기도,부천시 소사구,범박동,37.463587,126.80825
경기도,부천시 소사구,괴안동,37.478119,126.806953
경기도,부천시 소사구,범박동,37.470504,126.809816
경기도,부천시 소사구,소사본동,37.4735,126.7952
경기도,부천시 소사구,송내동,37.480093,126.765113
경기도,부천시 소사구,심곡본동,37.480752,126.780031
경기도,부천시 소사구,옥길동,37.46801,126.82423
경기도,부천시 오정구,고강동,37.532167,126.81715
경기도,부천시 오정구,내동,37.5212,126.7826
경기도,부천시 오정구,대장동,37.5442,126.7765
경기도,부천시 오정구,삼정동,37.5246,126.768
경기도,부천시 오정구,여월동,37.5138,126.7985
경기도,부천시 오정구,오정동,37.52895,126.7908
경기도,부천시 오정구,원종동,37.5264,126.8052
경기도,부천시 오정구,작동,37.5136,126.815
경기도,부천시 원미구,도당동,37.516317,126.786
경기도,부천시 원미구,상동,37.495243,126.760788
경기도,부천시 원미구,소사동,37.485893,126.794579
경기도,부천시 원미구,심곡동,37.491,126.7785
경기도,부천시 원미구,약대동,37.513597,126.771481
경기도,부천시 원미구,역곡동,37.49031,126.808088
경기도,부천시 원미구,원미동,37.4942,126.7924
경기도,부천시 원미구,중동,37.487809,126.768132
경기도,부천시 원미구,춘의동,37.502615,126.785855
경기도,성남시 분당구,구미동,37.339565,127.120827
경기도,성남시 분당구,궁내동,37.370585,127.10046
경기도,성남시 분당구,금곡동,37.351866,127.110673
경기도,성남시 분당구,대장동,37.3691,127.0654
경기도,성남시 분당구,동원동,37.3538,127.0839
경기도,성남시 분당구,백현동,37.3839,127.1067
경기도,성남시 분당구,분당동,37.370104,127.131062
경기도,성남시 분당구,삼평동,37.40145,127.111544
경기도,성남시 분당구,서현동,37.381382,127.1348
경기도,성남시 분당구,석운동,37.378,127.0407
경기도,성남시 분당구,수내동,37.375404,127.118063
경기도,성남시 분당구,야탑동,37.4064,127.1423
경기도,성남시 분당구,운중동,37.39488,127.07802
경기도,성남시 분당구,율동,37.3856,127.1617
경기도,성남시 분당구,이매동,37.397133,127.127159
경기도,성남시 분당구,정자동,37.3675,127.1127
경기도,성남시 분당구,판교동,37.390448,127.089099
경기도,성남시 분당구,하산운동,37.3869,127.0801
경기도,성남시 수정구,고등동,37.425032,127.101551
경기도,성남시 수정구,금토동,37.4113,127.0701
경기도,성남시 수정구,단대동,37.449404,127.155358
경기도,성남시 수정구,둔전동,37.4323,127.1127
경기도,성남시 수정구,복정동,37.46561,127.127075
경기도,성남시 수정구,사송동,37.412782,127.1123
경기도,성남시 수정구,산성동,37.452354,127.150146
경기도,성남시 수정구,상적동,37.4278,127.0647
경기도,성남시 수정구,수진동,37.4373,127.1298
경기도,성남시 수정구,시흥동,37.421982,127.107963
경기도,성남시 수정구,오야동,37.454678,127.104412
경기도,성남시 수정구,신흥동,37.4473,127.1493
경기도,성남시 수정구,심곡동,37.447226,127.10305
경기도,성남시 수정구,양지동,37.454868,127.161025
경기도,성남시 수정구,오야동,37.4522,127.1104
경기도,성남시 수정구,창곡동,37.4664,127.1495
경기도,성남시 수정구,태평동,37.44711,127.131188
경기도,성남시 중원구,갈현동,37.4239,127.1737
경기도,성남시 중원구,금광동,37.4478,127.1674
경기도,성남시 중원구,도촌동,37.4152,127.1535
경기도,성남시 중원구,상대원동,37.442168,127.180963
경기도,성남시 중원구,성남동,37.433673,127.134285
경기도,성남시 중원구,여수동,37.4216,127.1315
경기도,성남시 중원구,은행동,37.4626,127.1765
경기도,성남시 중원구,중앙동,37.443972,127.157458
경기도,성남시 중원구,하대원동,37.428299,127.146322
경기도,수원시 권선구,고색동,37.2449,126.9806
경기도,수원시 권선구,곡반정동,37.238226,127.030087
경기도,수원시 권선구,구운동,37.277063,126.97143
경기도,수원시 권선구,권선동,37.250372,127.028591
경기도,수원시 권선구,금곡동,37.272,126.9439
경기도,수원시 권선구,당수동,37.2901,126.941
경기도,수원시 권선구,대황교동,37.2317,127.0128
경기도,수원시 권선구,서둔동,37.27258,126.986054
경기도,수원시 권선구,세류동,37.254242,127.009425
경기도,수원시 권선구,오목천동,37.2431,126.9645
경기도,수원시 권선구,오목천동,37.2431,126.9645
경기도,수원시 권선구,장지동,37.237,127.0064
경기도,수원시 권선구,탑동,37.2645,126.9757
경기도,수원시 권선구,평동,37.258033,126.994163
경기도,수원시 권선구,평리동,37.2413,126.9959
경기도,수원시 권선구,호매실동,37.2589,126.9511
경기도,수원시 영통구,망포동,37.2397,127.0524
경기도,수원시 영통구,매탄동,37.2637,127.0505
경기도,수원시 영통구,신동,37.246479,127.045963
경기도,수원시 영통구,영통동,37.2566,127.0738
경기도,수원시 영통구,원천동,37.273673,127.057235
경기도,수원시 영통구,이의동,37.30117,127.048381
경기도,수원시 영통구,하동,37.284142,127.069163
경기도,수원시 장안구,상광교동,37.3349,127.0183
경기도,수원시 장안구,송죽동,37.30051,127.007051
경기도,수원시 장안구,연무동,37.290545,127.021588
경기도,수원시 장안구,영화동,37.293211,127.014113
경기도,수원시 장안구,율전동,37.297618,126.971492
경기도,수원시 장안구,이목동,37.3182,126.9787
경기도,수원시 장안구,정자동,37.2999,126.9912
경기도,수원시 장안구,조원동,37.304683,127.014513
경기도,수원시 장안구,천천동,37.295833,126.978263
경기도,수원시 장안구,파장동,37.308425,126.99479
경기도,수원시 장안구,하광교동,37.3169,127.0255
경기도,수원시 팔달구,고등동,37.273414,127.001078
경기도,수원시 팔달구,교동,37.2718,127.0135
경기도,수원시 팔달구,구천동,37.2737,127.018
경기도,수원시 팔달구,남수동,37.28,127.0191
경기도,수원시 팔달구,남창동,37.2797,127.0128
경기도,수원시 팔달구,매교동,37.268581,127.014201
경기도,수원시 팔달구,매산로1가,37.266908,127.000963
경기도,수원시 팔달구,매산로2가,37.267617,127.005088
경기도,수원시 팔달구,매산로3가,37.2711,127.0098
경기도,수원시 팔달구,매향동,37.285617,127.019925
경기도,수원시 팔달구,북수동,37.2854,127.0167
경기도,수원시 팔달구,신풍동,37.2834,127.0126
경기도,수원시 팔달구,영동,37.276695,127.018634
경기도,수원시 팔달구,우만동,37.2841,127.0353
경기도,수원시 팔달구,인계동,37.270381,127.021301
경기도,수원시 팔달구,장안동,37.2868,127.0131
경기도,수원시 팔달구,중동,37.273387,127.016671
경기도,수원시 팔달구,지동,37.28198,127.028475
경기도,수원시 팔달구,팔달로1가,37.280408,127.016212
경기도,수원시 팔달구,팔달로2가,37.2787,127.017113
경기도,수원시 팔달구,팔달로3가,37.276133,127.015213
경기도,수원시 팔달구,화서동,37.2825,126.9973
경기도,시흥시,거모동,37.3549,126.7741
경기도,시흥시,계수동,37.4514,126.8117
경기도,시흥시,과림동,37.436875,126.832852
경기도,시흥시,광석동,37.3798,126.8137
경기도,시흥시,거모동,37.340001,126.784947
경기도,시흥시,금이동,37.4009,126.838
경기도,시흥시,논곡동,37.395307,126.855838
경기도,시흥시,능곡동,37.3664,126.8148
경기도,시흥시,대야동,37.443024,126.788568
경기도,시흥시,도창동,37.4064,126.818
경기도,시흥시,매화동,37.417661,126.815529
경기도,시흥시,목감동,37.384598,126.857338
경기도,시흥시,무지내동,37.4152,126.838
경기도,시흥시,물왕동,37.3838,126.8353
경기도,시흥시,미산동,37.4189,126.7902
경기도,시흥시,방산동,37.416074,126.765975
경기도,시흥시,배곧동,37.367672,126.722265
경기도,시흥시,산현동,37.3751,126.8384
경기도,시흥시,신천동,37.438399,126.784981
경기도,시흥시,안현동,37.4295,126.8154
경기도,시흥시,월곶동,37.3832,126.7574
경기도,시흥시,은행동,37.43645,126.79793
경기도,시흥시,장곡동,37.3826,126.782
경기도,시흥시,장현동,37.3798,126.7988
경기도,시흥시,정왕동,37.3525,126.7279
경기도,시흥시,조남동,37.3741,126.8653
경기도,시흥시,죽율동,37.3494,126.7622
경기도,시흥시,포동,37.4058,126.7764
경기도,시흥시,하상동,37.395157,126.813525
경기도,시흥시,하중동,37.3972,126.7994
경기도,시흥시,화정동,37.361364,126.818029
경기도,안산시 단원구,고잔동,37.3196,126.8314
경기도,안산시 단원구,대부남동,37.2028,126.5391
경기도,안산시 단원구,대부동동,37.2514,126.6008
경기도,안산시 단원구,대부북동,37.29,126.5799
경기도,안산시 단원구,목내동,37.3099,126.7739
경기도,안산시 단원구,선감동,37.21099,126.63876
경기도,안산시 단원구,선부동,37.342349,126.804487
경기도,안산시 단원구,성곡동,37.3156,126.7472
경기도,안산시 단원구,신길동,37.3311,126.7679
경기도,안산시 단원구,와동,37.34151,126.82553
경기도,안산시 단원구,원곡동,37.3279,126.7954
경기도,안산시 단원구,원시동,37.309,126.7884
경기도,안산시 단원구,초지동,37.324678,126.808557
경기도,안산시 단원구,풍도동,37.109826,126.387597
경기도,안산시 단원구,화정동,37.3556,126.8265
경기도,안산시 상록구,건건동,37.3062,126.9081
경기도,안산시 상록구,본오동,37.2863,126.8663
경기도,안산시 상록구,부곡동,37.331945,126.861089
경기도,안산시 상록구,사동,37.2918,126.8401
경기도,안산시 상록구,사사동,37.293117,126.9214
경기도,안산시 상록구,성포동,37.320663,126.849428
경기도,안산시 상록구,수암동,37.3666,126.8822
경기도,안산시 상록구,양상동,37.3516,126.845
경기도,안산시 상록구,월피동,37.332461,126.846996
경기도,안산시 상록구,이동,37.305508,126.860538
경기도,안산시 상록구,일동,37.315397,126.871701
경기도,안산시 상록구,장상동,37.3537,126.8801
경기도,안산시 상록구,장하동,37.3537,126.8612
경기도,안산시 상록구,팔곡이동,37.290653,126.887523
경기도,안산시 상록구,팔곡일동,37.307542,126.888673
경기도,안성시,가사동,37.0155,127.2883
경기도,안성시,가현동,37.0062,127.2873
경기도,안성시,계동,36.9892,127.2662
경기도,안성시,고삼면,37.082474,127.26357
경기도,안성시,공도읍,36.998709,127.171694
경기도,안성시,구포동,37.011367,127.272413
경기도,안성시,금광면,36.997137,127.317567
경기도,안성시,금산동,37.0129,127.2691
경기도,안성시,금석동,37.031,127.2698
경기도,안성시,낙원동,37.004563,127.27462
경기도,안성시,당왕동,37.0204,127.2718
경기도,안성시,대덕면,37.012433,127.237775
경기도,안성시,대천동,37.008092,127.270088
경기도,안성시,도기동,36.9971,127.2601
경기도,안성시,동본동,37.006994,127.271835
경기도,안성시,명륜동,37.0145,127.2763
경기도,안성시,미양면,36.975363,127.215278
경기도,안성시,발화동,36.99,127.2819
경기도,안성시,보개면,37.022991,127.290831
경기도,안성시,봉남동,37.009342,127.276175
경기도,안성시,봉산동,37.007083,127.279563
경기도,안성시,사곡동,37.0384,127.2648
경기도,안성시,삼죽면,37.073019,127.374797
경기도,안성시,서운면,36.943093,127.259274
경기도,안성시,서인동,37.0064,127.2698
경기도,안성시,석정동,37.0102,127.2594
경기도,안성시,성남동,37.002675,127.272115
경기도,안성시,숭인동,37.010395,127.275108
경기도,안성시,신건지동,37.0165,127.2461
경기도,안성시,신모산동,37.021,127.2466
경기도,안성시,신소현동,37.019517,127.256525
경기도,안성시,신흥동,37.002771,127.268988
경기도,안성시,아양동,37.0047,127.2609
경기도,안성시,양성면,37.059858,127.194487
경기도,안성시,연지동,37.0104,127.270788
경기도,안성시,영동,37.0065,127.2737
경기도,안성시,옥산동,37.007,127.2498
경기도,안성시,옥천동,37.003036,127.275757
경기도,안성시,원곡면,37.039725,127.1296
경기도,안성시,인지동,37.004442,127.268375
경기도,안성시,일죽면,37.090619,127.476949
경기도,안성시,죽산면,37.078667,127.422563
경기도,안성시,중리동,36.977,127.2818
경기도,안성시,창전동,37.004551,127.271937
경기도,안성시,현수동,36.9978,127.2825
경기도,안양시 동안구,관양동,37.4099,126.9644
경기도,안양시 동안구,비산동,37.39934,126.941617
경기도,안양시 동안구,평촌동,37.389391,126.973677
경기도,안양시 동안구,호계동,37.37699,126.956513
경기도,안양시 만안구,박달동,37.3969,126.8911
경기도,안양시 만안구,석수동,37.426193,126.922188
경기도,안양시 만안구,안양동,37.390226,126.924304
경기도,양주시,고암동,37.8254,127.0688
경기도,양주시,고읍동,37.8055,127.076
경기도,양주시,광사동,37.7834,127.0729
경기도,양주시,광적면,37.824453,126.983926
경기도,양주시,남면,37.898107,126.976963
경기도,양주시,남방동,37.7752,127.0374
경기도,양주시,덕계동,37.818783,127.044113
경기도,양주시,덕정동,37.8451,127.0668
경기도,양주시,마전동,37.7755,127.055088
경기도,양주시,만송동,37.7872,127.0955
경기도,양주시,백석읍,37.794966,126.985727
경기도,양주시,봉양동,37.8596,127.0777
경기도,양주시,산북동,37.8029,127.038
경기도,양주시,삼숭동,37.8022,127.1015
경기도,양주시,어둔동,37.7744,127.0122
경기도,양주시,옥정동,37.8217,127.085838
경기도,양주시,유양동,37.7898,127.0266
경기도,양주시,율정동,37.8268,127.1085
경기도,양주시,은현면,37.874999,127.024525
경기도,양주시,장흥면,37.71786,126.941025
경기도,양주시,회암동,37.85,127.1029
경기도,양주시,회정동,37.8398,127.0506
경기도,양평군,강상면,37.477215,127.4855
경기도,양평군,강하면,37.494868,127.410813
경기도,양평군,개군면,37.425973,127.536796
경기도,양평군,단월면,37.538518,127.672892
경기도,양평군,서종면,37.606574,127.348688
경기도,양평군,양동면,37.419101,127.754788
경기도,양평군,양서면,37.543958,127.325975
경기도,양평군,양평읍,37.48661,127.493962
경기도,양평군,옥천면,37.5181,127.456037
경기도,양평군,용문면,37.486766,127.595689
경기도,양평군,지평면,37.474535,127.63925
경기도,양평군,청운면,37.556308,127.710713
경기도,여주시,가남읍,37.201775,127.545114
경기도,여주시,가업동,37.269025,127.617338
경기도,여주시,강천면,37.272917,127.711488
경기도,여주시,교동,37.280258,127.630525
경기도,여주시,금사면,37.392635,127.533285
경기도,여주시,능현동,37.263733,127.6564
경기도,여주시,단현동,37.270417,127.67785
경기도,여주시,대신면,37.375104,127.586555
경기도,여주시,매룡동,37.282983,127.656425
경기도,여주시,멱곡동,37.249285,127.66505
경기도,여주시,북내면,37.3294,127.6789
경기도,여주시,산북면,37.40174,127.442994
경기도,여주시,삼교동,37.23466,127.660888
경기도,여주시,상거동,37.244243,127.627713
경기도,여주시,상동,37.2921,127.64695
경기도,여주시,세종대왕면,37.300167,127.573525
경기도,여주시,신진동,37.274025,127.671588
경기도,여주시,연라동,37.257006,127.611402
경기도,여주시,연양동,37.288158,127.665438
경기도,여주시,오금동,37.334799,127.647938
경기도,여주시,오학동,37.30981,127.644467
경기도,여주시,우만동,37.2537,127.679
경기도,여주시,월송동,37.2849,127.6084
경기도,여주시,점동면,37.206085,127.662538
경기도,여주시,점봉동,37.256117,127.646263
경기도,여주시,창동,37.294283,127.632525
경기도,여주시,천송동,37.3052,127.662025
경기도,여주시,하거동,37.23411,127.630325
경기도,여주시,하동,37.302554,127.61963
경기도,여주시,현암동,37.31555,127.633113
경기도,연천군,군남면,38.08498,127.018965
경기도,연천군,미산면,38.047052,126.992894
경기도,연천군,백학면,38.030175,126.917388
경기도,연천군,신서면,38.182856,127.107029
경기도,연천군,연천읍,38.103921,127.075784
경기도,연천군,왕징면,38.058526,127.012892
경기도,연천군,장남면,37.981684,126.884406
경기도,연천군,전곡읍,38.027797,127.0639
경기도,연천군,중면,38.17394,127.008689
경기도,연천군,청산면,37.981835,127.067625
경기도,오산시,가수동,37.146532,127.054913
경기도,오산시,가장동,37.162615,127.034725
경기도,오산시,갈곶동,37.1309,127.0726
경기도,오산시,고현동,37.133,127.0839
경기도,오산시,궐동,37.161,127.0558
경기도,오산시,금암동,37.1739,127.0455
경기도,오산시,내삼미동,37.1779,127.0611
경기도,오산시,누읍동,37.1387,127.0565
경기도,오산시,두곡동,37.1314,127.0457
경기도,오산시,벌음동,37.1413,127.038
경기도,오산시,부산동,37.153399,127.087588
경기도,오산시,서동,37.150265,127.038088
경기도,오산시,서랑동,37.175001,127.008675
경기도,오산시,세교동,37.1896,127.0403
경기도,오산시,수청동,37.1683,127.0646
경기도,오산시,양산동,37.1886,127.0164
경기도,오산시,오산동,37.148157,127.0669
경기도,오산시,외삼미동,37.1916,127.0565
경기도,오산시,원동,37.140449,127.08405
경기도,오산시,은계동,37.16159,127.074025
경기도,오산시,지곶동,37.1773,127.0257
경기도,오산시,청학동,37.1523,127.0563
경기도,오산시,청호동,37.1294,127.0851
경기도,오산시,탑동,37.1355,127.0481
경기도,용인시 기흥구,고매동,37.225618,127.1135
경기도,용인시 기흥구,공세동,37.237843,127.112675
경기도,용인시 기흥구,구갈동,37.272874,127.127128
경기도,용인시 기흥구,농서동,37.2267,127.0831
경기도,용인시 기흥구,동백동,37.28547,127.162012
경기도,용인시 기흥구,마북동,37.303883,127.12345
경기도,용인시 기흥구,보라동,37.256167,127.112725
경기도,용인시 기흥구,보정동,37.319384,127.114553
경기도,용인시 기흥구,상갈동,37.261725,127.105305
경기도,용인시 기흥구,상하동,37.27454,127.14106
경기도,용인시 기흥구,서천동,37.2394,127.0738
경기도,용인시 기흥구,신갈동,37.285593,127.109074
경기도,용인시 기흥구,언남동,37.2922,127.1266
경기도,용인시 기흥구,영덕동,37.2605,127.0829
경기도,용인시 기흥구,중동,37.2704,127.1577
경기도,용인시 기흥구,지곡동,37.2396,127.1395
경기도,용인시 기흥구,청덕동,37.2954,127.1514
경기도,용인시 기흥구,하갈동,37.2506,127.0929
경기도,용인시 수지구,고기동,37.3582,127.0436
경기도,용인시 수지구,동천동,37.341815,127.098854
경기도,용인시 수지구,상현동,37.30345,127.07615
경기도,용인시 수지구,성복동,37.313393,127.080731
경기도,용인시 수지구,신봉동,37.325092,127.073525
경기도,용인시 수지구,죽전동,37.3293,127.1226
경기도,용인시 수지구,풍덕천동,37.3236,127.0939
경기도,용인시 처인구,고림동,37.250417,127.225038
경기도,용인시 처인구,김량장동,37.236618,127.2027
경기도,용인시 처인구,남동,37.2219,127.1999
경기도,용인시 처인구,남사읍,37.115765,127.150387
경기도,용인시 처인구,마평동,37.229043,127.2298
경기도,용인시 처인구,모현읍,37.329227,127.242315
경기도,용인시 처인구,백암면,37.163452,127.375344
경기도,용인시 처인구,삼가동,37.240251,127.165525
경기도,용인시 처인구,양지면,37.235507,127.279802
경기도,용인시 처인구,역북동,37.2401,127.1904
경기도,용인시 처인구,운학동,37.2123,127.2394
경기도,용인시 처인구,원삼면,37.166684,127.313238
경기도,용인시 처인구,유방동,37.256,127.2057
경기도,용인시 처인구,이동읍,37.141084,127.196162
경기도,용인시 처인구,포곡읍,37.277834,127.230618
경기도,용인시 처인구,해곡동,37.1833,127.2781
경기도,용인시 처인구,호동,37.1932,127.2497
경기도,의왕시,고천동,37.347812,126.975915
경기도,의왕시,내손동,37.378299,126.985362
경기도,의왕시,삼동,37.322625,126.956875
경기도,의왕시,오전동,37.353503,126.971653
경기도,의왕시,왕곡동,37.3404,126.9938
경기도,의왕시,월암동,37.3104,126.9578
경기도,의왕시,이동,37.3363,126.9593
경기도,의왕시,청계동,37.388998,126.9976
경기도,의왕시,초평동,37.3117,126.9391
경기도,의왕시,포일동,37.3946,126.9895
경기도,의왕시,학의동,37.3731,127.0136
경기도,의정부시,가능동,37.7411,127.0173
경기도,의정부시,고산동,37.7293,127.0977
경기도,의정부시,금오동,37.7572,127.0664
경기도,의정부시,낙양동,37.7572,127.1093
경기도,의정부시,녹양동,37.760047,127.032273
경기도,의정부시,민락동,37.745201,127.099838
경기도,의정부시,산곡동,37.7182,127.109
경기도,의정부시,신곡동,37.737926,127.0637
경기도,의정부시,용현동,37.7315,127.0807
경기도,의정부시,의정부동,37.739268,127.041963
경기도,의정부시,자일동,37.7664,127.0943
경기도,의정부시,장암동,37.72627,127.0547
경기도,의정부시,호원동,37.725693,127.043865
경기도,이천시,갈산동,37.28655,127.466288
경기도,이천시,고담동,37.238751,127.459988
경기도,이천시,관고동,37.282645,127.440535
경기도,이천시,단월동,37.224801,127.453513
경기도,이천시,대월면,37.229795,127.492469
경기도,이천시,대포동,37.2084,127.4596
경기도,이천시,마장면,37.24889,127.357869
경기도,이천시,모가면,37.171478,127.482284
경기도,이천시,백사면,37.339057,127.490713
경기도,이천시,부발읍,37.283663,127.486718
경기도,이천시,사음동,37.2944,127.419375
경기도,이천시,설성면,37.132449,127.522038
경기도,이천시,송정동,37.2963,127.4399
경기도,이천시,신둔면,37.306291,127.404025
경기도,이천시,안흥동,37.2755,127.4604
경기도,이천시,율면,37.094311,127.546417
경기도,이천시,율현동,37.259,127.4438
경기도,이천시,장록동,37.2539,127.4571
경기도,이천시,장호원읍,37.114886,127.616797
경기도,이천시,중리동,37.278054,127.441722
경기도,이천시,증일동,37.2604,127.4279
경기도,이천시,증포동,37.290253,127.452508
경기도,이천시,진리동,37.2682,127.453175
경기도,이천시,창전동,37.282904,127.44106
경기도,이천시,호법면,37.223137,127.424925
경기도,파주시,검산동,37.7825,126.7434
경기도,파주시,광탄면,37.776308,126.85159
경기도,파주시,교하동,37.7501,126.7489
경기도,파주시,군내면,37.938976,126.720996
경기도,파주시,금릉동,37.7522,126.7875
경기도,파주시,금촌동,37.760475,126.769325
경기도,파주시,다율동,37.735751,126.727788
경기도,파주시,당하동,37.742969,126.745019
경기도,파주시,동패동,37.7137,126.7256
경기도,파주시,맥금동,37.7785,126.7286
경기도,파주시,목동동,37.72447,126.734569
경기도,파주시,문발동,37.720563,126.69307
경기도,파주시,문산읍,37.852847,126.783632
경기도,파주시,법원읍,37.848915,126.88265
경기도,파주시,산남동,37.699644,126.698634
경기도,파주시,상지석동,37.729018,126.7812
경기도,파주시,서패동,37.712013,126.697308
경기도,파주시,송촌동,37.75545,126.701056
경기도,파주시,신촌동,37.735611,126.695406
경기도,파주시,아동동,37.7667,126.7847
경기도,파주시,야당동,37.715553,126.761118
경기도,파주시,야동동,37.7763,126.7642
경기도,파주시,연다산동,37.7458,126.7114
경기도,파주시,오도동,37.748446,126.725664
경기도,파주시,와동동,37.7365,126.758773
경기도,파주시,월롱면,37.796037,126.790333
경기도,파주시,장단면,37.872705,126.707866
경기도,파주시,적성면,37.95413,126.917879
경기도,파주시,조리읍,37.744936,126.805108
경기도,파주시,진동면,37.942244,126.797253
경기도,파주시,진서면,37.95585,126.710651
경기도,파주시,탄현면,37.802492,126.7163
경기도,파주시,파주읍,37.832824,126.81653
경기도,파주시,파평면,37.922008,126.838138
경기도,파주시,하지석동,37.758867,126.7471
경기도,평택시,가재동,37.044,127.0847
경기도,평택시,고덕동,37.04053,127.050468
경기도,평택시,고덕면,37.0423,127.017745
경기도,평택시,군문동,36.9813,127.0884
경기도,평택시,도일동,37.051058,127.110263
경기도,평택시,독곡동,37.087,127.0695
경기도,평택시,동삭동,37.0152,127.0965
경기도,평택시,모곡동,37.0334,127.0777
경기도,평택시,비전동,37.0026,127.1022
경기도,평택시,서정동,37.066214,127.055765
경기도,평택시,서탄면,37.108232,127.035325
경기도,평택시,세교동,36.999915,127.082427
경기도,평택시,소사동,36.985101,127.12735
경기도,평택시,신대동,37.001575,127.065012
경기도,평택시,신장동,37.0837,127.051
경기도,평택시,안중읍,36.98581,126.931688
경기도,평택시,오성면,37.007742,126.980313
경기도,평택시,용이동,37.0003,127.1421
경기도,평택시,월곡동,37.0224,127.14
경기도,평택시,유천동,36.9755,127.1115
경기도,평택시,이충동,37.0594,127.0689
경기도,평택시,고덕동,37.0404,127.0631
경기도,평택시,장안동,37.058742,127.084813
경기도,평택시,죽백동,37.0075,127.125
경기도,평택시,지산동,37.077379,127.057577
경기도,평택시,지제동,37.018,127.0669
경기도,평택시,진위면,37.099994,127.090536
경기도,평택시,청룡동,37.0253,127.1227
경기도,평택시,청북읍,37.0399,126.934088
경기도,평택시,칠괴동,37.0328,127.0914
경기도,평택시,칠원동,37.0259,127.1077
경기도,평택시,통복동,37.000815,127.087202
경기도,평택시,팽성읍,36.964887,127.062143
경기도,평택시,평택동,36.988562,127.084613
경기도,평택시,포승읍,36.982943,126.88515
경기도,평택시,합정동,36.985,127.1036
경기도,평택시,현덕면,36.967276,126.9215
경기도,포천시,가산면,37.84854,127.1861
경기도,포천시,관인면,38.157699,127.25145
경기도,포천시,군내면,37.888993,127.217426
경기도,포천시,내촌면,37.786225,127.22855
경기도,포천시,동교동,37.85,127.1275
경기도,포천시,선단동,37.854253,127.159133
경기도,포천시,설운동,37.8585,127.1432
경기도,포천시,소흘읍,37.823381,127.138649
경기도,포천시,신북면,37.933972,127.226599
경기도,포천시,신읍동,37.8996,127.1832
경기도,포천시,어룡동,37.8848,127.1819
경기도,포천시,영북면,38.089049,127.2755
경기도,포천시,영중면,38.00557,127.245158
경기도,포천시,이동면,38.030686,127.36737
경기도,포천시,일동면,37.961153,127.317052
경기도,포천시,자작동,37.8778,127.1671
경기도,포천시,창수면,37.991588,127.189339
경기도,포천시,화현면,37.901126,127.288144
경기도,하남시,감북동,37.516208,127.161688
경기도,하남시,감이동,37.4987,127.168
경기도,하남시,감일동,37.5102,127.146688
경기도,하남시,광암동,37.5187,127.1734
경기도,하남시,교산동,37.52085,127.205063
경기도,하남시,당정동,37.5576,127.226338
경기도,하남시,덕풍동,37.5451,127.2029
경기도,하남시,망월동,37.5695,127.1882
경기도,하남시,미사동,37.566,127.2105
경기도,하남시,배알미동,37.5249,127.2646
경기도,하남시,상사창동,37.4952,127.1978
경기도,하남시,상산곡동,37.4912,127.2333
경기도,하남시,선동,37.583,127.1887
경기도,하남시,신장동,37.5447,127.2159
경기도,하남시,창우동,37.5353,127.2319
경기도,하남시,하산곡동,37.519238,127.224049
경기도,하남시,초이동,37.536626,127.170829
경기도,하남시,초일동,37.537667,127.183725
경기도,하남시,춘궁동,37.522175,127.19415
경기도,하남시,풍산동,37.549016,127.185089
경기도,하남시,하사창동,37.509583,127.2062
경기도,하남시,하산곡동,37.5097,127.2325
경기도,하남시,학암동,37.4794,127.1619
경기도,하남시,항동,37.5003,127.1831
경기도,화성시,금곡동,37.176391,127.078503
경기도,화성시,기산동,37.221726,127.046038
경기도,화성시,기안동,37.2236,126.9817
경기도,화성시,남양읍,37.211776,126.823763
경기도,화성시,능동,37.209,127.0597
경기도,화성시,마도면,37.205493,126.769588
경기도,화성시,매송면,37.252298,126.909125
경기도,화성시,목동,37.186527,127.122701
경기도,화성시,반송동,37.194893,127.073413
경기도,화성시,반월동,37.23457,127.061548
경기도,화성시,반정동,37.232443,127.037837
경기도,화성시,방교동,37.173474,127.089784
경기도,화성시,배양동,37.2226,126.9966
경기도,화성시,병점동,37.2079,127.0432
경기도,화성시,봉담읍,37.219743,126.949488
경기도,화성시,비봉면,37.235318,126.873863
경기도,화성시,산척동,37.172311,127.114054
경기도,화성시,새솔동,37.281158,126.818615
경기도,화성시,서신면,37.166557,126.708738
경기도,화성시,석우동,37.2095,127.0766
경기도,화성시,송동,37.171333,127.101848
경기도,화성시,송산동,37.212,127.0122
경기도,화성시,송산면,37.217818,126.739138
경기도,화성시,신동,37.18271,127.141557
경기도,화성시,안녕동,37.201501,127.004175
경기도,화성시,양감면,37.0813,126.944438
경기도,화성시,영천동,37.210355,127.107386
경기도,화성시,오산동,37.192398,127.097583
경기도,화성시,우정읍,37.089707,126.81545
경기도,화성시,장안면,37.079633,126.831375
경기도,화성시,장지동,37.153958,127.113775
경기도,화성시,정남면,37.168443,126.9829
경기도,화성시,중동,37.205309,127.138723
경기도,화성시,진안동,37.212964,127.039088
경기도,화성시,청계동,37.194666,127.11352
경기도,화성시,팔탄면,37.161149,126.903238
경기도,화성시,향남읍,37.108613,126.938865
경기도,화성시,황계동,37.2207,127.0144
